	{

		"metadata": {
			"formatVersion" : 3.1,
			"generatedBy"   : "Blender 2.7 Exporter",
			"vertices"      : 126,
			"faces"         : 127,
			"normals"       : 95,
			"colors"        : 1,
			"uvs"           : [],
			"materials"     : 4,
			"morphTargets"  : 0,
			"bones"         : 0
		},

			"scale" : 1.000000,
			
			"vertices" : [9.51534,-0.580878,-18.1387,9.51534,-0.580877,-2.71623,9.51534,2.68989,-18.1387,9.51534,2.68989,-2.71622,7.58434,2.68989,-17.2745,7.58434,2.68989,-3.58037,6.18076,4.59756,-15.2227,6.18076,4.59756,-5.63219,1.30905,4.59756,-10.8262,1.30905,4.59756,-6.9989,1.30905,49.972,-10.8262,1.30905,49.972,-6.99891,2.62432,44.3146,20.7973,2.62377,43.7273,20.7975,1.30905,46.122,-6.99891,2.69885,44.3146,21.2173,1.30905,46.122,-10.8262,2.69836,43.7273,21.2176,1.30905,49.972,11.0648,4.02841,44.3126,19.121,1.30905,46.122,11.0648,3.71505,44.3126,18.972,10.8578,55.1599,11.3991,4.02799,43.7254,19.1215,10.8578,40.9342,11.3991,3.71463,43.7254,18.9726,10.8578,55.1599,12.2322,4.27,43.7233,16.4976,10.8578,40.9342,12.2322,3.85383,43.7233,16.7011,1.63624,44.3478,12.2322,3.85399,44.3106,16.7004,1.5851,42.4509,12.2322,4.27016,44.3106,16.497,1.92549,44.3478,13.0678,3.30583,44.319,14.931,1.36585,43.7365,13.0678,3.30597,43.7108,14.9314,2.06377,44.3478,13.4026,3.48801,44.319,14.7077,1.47748,43.7365,13.4026,3.48814,43.7108,14.7081,-9.51534,-0.580878,-18.1387,-9.51534,-0.580877,-2.71623,-9.51534,2.68989,-18.1387,-9.51534,2.68989,-2.71622,-7.58434,2.68989,-17.2745,-7.58434,2.68989,-3.58037,-6.18076,4.59756,-15.2227,-6.18076,4.59756,-5.63219,-0.151275,43.7281,22.1228,-0.113901,43.7281,21.6405,-1.30905,4.59756,-10.8262,-1.30905,4.59756,-6.9989,-0.114005,44.3153,21.6405,-0.151355,44.3153,22.1229,-1.30905,49.972,-10.8262,-1.30905,49.972,-6.99891,-2.84707,44.3146,20.7523,-2.84626,43.7273,20.7525,-1.30905,46.122,-6.99891,-2.98241,44.3146,21.1723,-1.30905,46.122,-10.8262,-2.98174,43.7273,21.1725,-1.30905,49.972,11.0648,-4.05926,44.3126,19.1362,-1.30905,46.122,11.0648,-3.76417,44.3126,18.9719,-10.8578,55.1599,11.3991,-4.05888,43.7254,19.1366,-10.8578,40.9342,11.3991,-3.76379,43.7254,18.9724,-10.8578,55.1599,12.2322,-4.15455,43.7233,16.5555,-10.8578,40.9342,12.2322,-3.75483,43.7233,16.7522,-1.61724,44.3478,12.2322,-3.75497,44.3106,16.7514,-1.57138,42.4509,12.2322,-4.1547,44.3106,16.5549,-1.87751,44.3478,13.0678,-3.16214,44.319,14.935,-1.32091,43.7365,13.0678,-3.16229,43.7108,14.9355,-2.00166,44.3478,13.4026,-3.35197,44.319,14.7077,-1.4012,43.7365,13.4026,-3.35212,43.7108,14.7081,0,-0.580878,-18.1387,0,-0.580877,-2.71623,0,2.68989,-18.1387,0,2.68989,-2.71623,0,2.68989,-17.2745,0,2.68989,-3.58037,0,4.59756,-15.2227,0,4.59756,-5.6322,0,4.59756,-10.8262,0,4.59756,-6.9989,0,49.972,-10.8262,0,49.972,7.66863,0,46.122,-10.8262,0,46.122,-6.99891,0,49.972,11.0648,0,46.122,11.0648,0,55.1599,11.3991,0,40.9342,11.3991,0,55.1599,12.2322,0,40.9342,12.2322,0.00411518,44.3478,12.2322,0.00156543,42.4509,12.2322,0.0325954,44.3478,13.0678,0.0325848,43.7365,13.0678,0.0526666,44.3478,13.4026,0.0526557,43.7365,13.4026,3.84994,47.6859,12.2322,4.09118,41.6926,12.2322,0,41.6926,12.2322,0,47.6859,12.2322,-3.8288,47.6859,12.2322,-4.0524,41.6926,12.2322,3.52816,42.2163,12.2322,0.000906505,42.2163,12.2322,0,46.9146,12.2322,-3.33421,42.2163,12.2322,3.3446,46.9146,12.2322,-3.17283,46.9146,12.2322],
			"faces"    : [163,3,2,4,5,3,0,1,2,3,0,0,0,0,163,0,2,3,1,3,4,1,0,5,0,0,0,0,163,91,3,5,93,3,6,0,3,7,0,0,0,0,163,95,7,9,97,3,7,8,9,6,0,0,0,0,163,93,5,7,95,3,7,3,8,7,0,0,0,0,163,5,4,6,7,3,3,2,10,8,0,0,0,0,163,14,11,18,20,2,11,12,13,14,0,0,0,0,163,7,6,8,9,3,8,10,15,9,0,0,0,0,163,14,16,10,11,2,11,16,1,12,0,0,0,0,163,13,17,50,51,1,17,18,19,20,0,0,0,0,163,17,15,55,50,1,18,21,22,19,0,0,0,0,163,9,8,16,14,2,9,15,16,11,0,0,0,0,163,97,9,14,101,2,6,9,11,23,0,0,0,0,163,19,21,12,15,1,24,25,26,21,0,0,0,0,163,101,14,20,103,2,23,11,14,27,0,0,0,0,163,12,13,51,54,1,26,17,20,28,0,0,0,0,163,105,24,28,107,0,27,29,5,23,0,0,0,0,163,103,20,24,105,0,27,14,29,27,0,0,0,0,163,20,18,22,24,0,14,13,30,29,0,0,0,0,163,21,25,13,12,1,25,31,17,26,0,0,0,0,163,23,19,15,17,1,32,24,21,18,0,0,0,0,163,24,22,26,28,0,29,30,0,5,0,0,0,0,163,33,31,21,19,1,33,34,25,24,0,0,0,0,163,15,12,54,55,1,21,26,28,22,0,0,0,0,163,109,32,36,111,1,35,36,37,38,0,0,0,0,163,27,33,19,23,1,39,33,24,32,0,0,0,0,163,121,120,32,109,0,40,40,36,35,0,0,0,0,163,120,124,30,32,0,40,40,41,36,0,0,0,0,163,36,34,39,41,1,37,42,43,44,0,0,0,0,163,32,30,34,36,1,36,41,42,37,0,0,0,0,163,39,35,31,33,1,43,45,34,33,0,0,0,0,163,41,39,33,27,1,44,43,33,39,0,0,0,0,163,113,40,38,112,1,23,46,47,6,0,0,0,0,163,40,36,41,37,1,46,37,44,48,0,0,0,0,163,38,40,37,35,1,47,46,48,45,0,0,0,0,163,111,36,40,113,1,38,37,46,23,0,0,0,0,163,34,38,35,39,1,42,47,45,43,0,0,0,0,163,34,110,112,38,1,42,49,6,47,0,0,0,0,163,35,37,29,31,1,45,48,50,34,0,0,0,0,163,30,108,110,34,1,41,6,49,42,0,0,0,0,163,37,41,27,29,1,48,44,39,50,0,0,0,0,163,124,122,108,30,0,40,40,6,41,0,0,0,0,163,31,29,25,21,1,34,50,31,25,0,0,0,0,163,22,104,106,26,0,30,51,6,0,0,0,0,0,163,25,23,17,13,1,31,32,18,17,0,0,0,0,163,29,27,23,25,1,50,39,32,31,0,0,0,0,163,11,99,102,18,2,12,49,51,13,0,0,0,0,163,18,102,104,22,0,13,51,51,30,0,0,0,0,163,8,96,100,16,2,15,52,53,16,0,0,0,0,163,16,100,98,10,2,16,53,52,1,0,0,0,0,163,10,98,99,11,2,1,52,49,12,0,0,0,0,163,6,94,96,8,3,10,54,52,15,0,0,0,0,163,4,92,94,6,3,2,54,54,10,0,0,0,0,163,2,90,92,4,3,1,52,54,2,0,0,0,0,163,2,0,88,90,3,1,4,55,52,0,0,0,0,163,1,3,91,89,3,5,0,6,23,0,0,0,0,163,0,1,89,88,3,4,5,23,55,0,0,0,0,163,45,47,46,44,3,56,57,58,59,0,0,0,0,163,42,43,45,44,3,60,61,56,59,0,0,0,0,163,91,93,47,45,3,6,7,57,56,0,0,0,0,163,95,97,53,49,3,7,6,62,63,0,0,0,0,163,93,95,49,47,3,7,7,63,57,0,0,0,0,163,47,49,48,46,3,57,63,64,58,0,0,0,0,163,60,66,64,57,2,65,66,67,68,0,0,0,0,163,49,53,52,48,3,63,62,69,64,0,0,0,0,163,60,57,56,62,2,65,68,59,70,0,0,0,0,163,59,51,50,63,1,71,20,19,72,0,0,0,0,163,63,50,55,61,1,72,19,22,73,0,0,0,0,163,53,60,62,52,2,62,65,70,69,0,0,0,0,163,97,101,60,53,2,6,23,65,62,0,0,0,0,163,65,61,58,67,1,74,73,75,76,0,0,0,0,163,101,103,66,60,2,23,27,66,65,0,0,0,0,163,58,54,51,59,1,75,28,20,71,0,0,0,0,163,105,107,74,70,0,27,23,61,77,0,0,0,0,163,103,105,70,66,0,27,27,77,66,0,0,0,0,163,66,70,68,64,0,66,77,78,67,0,0,0,0,163,67,58,59,71,1,76,75,71,79,0,0,0,0,163,69,63,61,65,1,80,72,73,74,0,0,0,0,163,70,74,72,68,0,77,61,56,78,0,0,0,0,163,79,65,67,77,1,81,74,76,82,0,0,0,0,163,61,55,54,58,1,73,22,28,75,0,0,0,0,163,109,111,82,78,1,35,38,83,84,0,0,0,0,163,73,69,65,79,1,85,80,74,81,0,0,0,0,163,121,109,78,123,0,40,35,84,40,0,0,0,0,163,123,78,76,125,0,40,84,86,40,0,0,0,0,163,82,87,85,80,1,83,87,88,89,0,0,0,0,163,78,82,80,76,1,84,83,89,86,0,0,0,0,163,85,79,77,81,1,88,81,82,90,0,0,0,0,163,87,73,79,85,1,87,85,81,88,0,0,0,0,163,113,112,84,86,1,23,6,91,92,0,0,0,0,163,86,83,87,82,1,92,93,87,83,0,0,0,0,163,84,81,83,86,1,91,90,93,92,0,0,0,0,163,111,113,86,82,1,38,23,92,83,0,0,0,0,163,80,85,81,84,1,89,88,90,91,0,0,0,0,163,80,84,112,110,1,89,91,6,49,0,0,0,0,163,81,77,75,83,1,90,82,94,93,0,0,0,0,163,76,80,110,108,1,86,89,49,6,0,0,0,0,163,83,75,73,87,1,93,94,85,87,0,0,0,0,163,125,76,108,122,0,40,86,6,40,0,0,0,0,163,77,67,71,75,1,82,76,79,94,0,0,0,0,163,68,72,106,104,0,78,56,6,51,0,0,0,0,163,71,59,63,69,1,79,71,72,80,0,0,0,0,163,75,71,69,73,1,94,79,80,85,0,0,0,0,163,57,64,102,99,2,68,67,51,49,0,0,0,0,163,50,51,54,55,1,19,20,28,22,0,0,0,0,163,64,68,104,102,0,67,78,51,51,0,0,0,0,163,52,62,100,96,2,69,70,53,52,0,0,0,0,163,62,56,98,100,2,70,59,52,53,0,0,0,0,163,56,57,99,98,2,59,68,49,52,0,0,0,0,163,48,52,96,94,3,64,69,52,54,0,0,0,0,163,46,48,94,92,3,58,64,54,54,0,0,0,0,163,44,46,92,90,3,59,58,54,52,0,0,0,0,163,44,90,88,42,3,59,52,55,60,0,0,0,0,163,43,89,91,45,3,61,23,6,56,0,0,0,0,163,42,88,89,43,3,60,55,23,61,0,0,0,0,163,72,118,117,106,0,56,40,40,6,0,0,0,0,163,74,119,118,72,0,61,40,40,56,0,0,0,0,163,107,116,119,74,0,23,40,40,61,0,0,0,0,163,26,106,117,114,0,0,6,40,40,0,0,0,0,163,28,26,114,115,0,5,0,40,40,0,0,0,0,163,107,28,115,116,0,23,5,40,40,0,0,0,0,163,118,125,122,117,1,40,40,40,40,0,0,0,0,163,119,123,125,118,1,40,40,40,40,0,0,0,