	{

		"metadata": {
			"formatVersion" : 3.1,
			"generatedBy"   : "Blender 2.7 Exporter",
			"vertices"      : 103,
			"faces"         : 106,
			"normals"       : 77,
			"colors"        : 0,
			"uvs"           : [189],
			"materials"     : 1,
			"morphTargets"  : 0,
			"bones"         : 0
		},

			"scale" : 1.000000,
			
			"vertices" : [7.53384,-0.167935,-2.35177,7.53384,-0.167934,2.35177,7.53385,4.14637,-2.35177,7.53384,4.14637,2.35177,7.53384,-0.167934,1.47517e-07,7.53385,1.98922,-2.35177,7.53384,1.98922,2.35177,7.53384,4.14637,1.08034e-06,7.53384,1.98922,6.1393e-07,7.20372,4.14637,-2.09689,7.20372,4.14637,2.09689,7.20372,4.14637,1.04816e-06,7.20372,3.75802,-2.09689,7.20372,3.75802,2.09689,7.20372,3.75802,1.06514e-06,7.53384,4.65696,2.35177,7.20372,4.65696,2.09689,7.53384,4.65696,1.88641,7.20372,4.65696,1.8209,7.53384,-0.167934,1.87762,7.53384,4.14637,1.87762,7.53384,1.98922,1.87762,7.20372,4.14637,1.82244,7.20372,3.75802,1.81121,7.27921,5.0471,1.34347,7.45835,5.18427,1.36123,7.27921,4.89857,1.32424,7.45835,4.93383,1.32881,7.27921,5.21114,0.00980437,7.45835,5.34945,0.00865124,7.27921,5.06138,0.0110531,7.45835,5.09693,0.010757,7.28281,5.04467,-1.27273,7.45475,5.17493,-1.29837,7.28281,4.90363,-1.24498,7.45475,4.93711,-1.25157,7.21006,4.64424,-2.08254,7.52751,4.64482,-2.32764,7.21006,4.6436,-1.81715,7.52751,4.64375,-1.87247,7.53384,-0.167935,-1.87506,7.53385,4.14637,-1.87506,7.53385,1.98922,-1.87506,7.20372,4.14637,-1.8367,7.20372,3.75802,-1.81829,-7.53384,-0.167935,-2.35177,-7.53384,-0.167934,2.35177,-7.53385,4.14637,-2.35177,-7.53384,4.14637,2.35177,-7.53384,-0.167934,1.47517e-07,0,-0.167935,-2.35177,-7.53385,1.98922,-2.35177,0,-0.167934,2.35177,-7.53384,1.98922,2.35177,-7.53384,4.14637,1.08034e-06,0,4.14637,-2.35177,0,4.14637,2.35177,0,1.98922,-2.35177,0,1.98922,2.35177,-7.53384,1.98922,6.1393e-07,-7.20372,4.14637,-2.09689,0,-0.167934,-2.73012e-07,-7.20372,4.14637,2.09689,-7.20372,4.14637,1.04816e-06,0,4.14637,-2.09689,0,4.14637,2.09689,-7.20372,3.75802,-2.09689,-7.20372,3.75802,2.09689,-7.20372,3.75802,1.06514e-06,0,3.75802,-2.09689,0,3.75802,2.09689,-7.53384,4.65696,2.35177,-7.20372,4.65696,2.09689,-7.53384,4.65696,1.88641,-7.20372,4.65696,1.8209,-7.53384,-0.167934,1.87762,-7.53384,4.14637,1.87762,-7.53384,1.98922,1.87762,-7.20372,4.14637,1.82244,0,-0.167934,1.87762,-7.20372,3.75802,1.81121,-7.27921,5.0471,1.34347,-7.45835,5.18427,1.36123,-7.27921,4.89857,1.32424,-7.45835,4.93383,1.32881,-7.27921,5.21114,0.00980437,-7.45835,5.34945,0.00865124,-7.27921,5.06138,0.0110531,-7.45835,5.09693,0.010757,-7.28281,5.04467,-1.27273,-7.45475,5.17493,-1.29837,-7.28281,4.90363,-1.24498,-7.45475,4.93711,-1.25157,-7.21006,4.64424,-2.08254,-7.52751,4.64482,-2.32764,-7.21006,4.6436,-1.81715,-7.52751,4.64375,-1.87247,-7.53384,-0.167935,-1.87506,-7.53385,4.14637,-1.87506,-7.53385,1.98922,-1.87506,-7.20372,4.14637,-1.8367,0,-0.167935,-1.87506,-7.20372,3.75802,-1.81829],
			"faces"    : [43,21,20,3,6,0,0,1,2,3,0,1,2,3,43,2,5,57,55,0,4,5,6,7,4,5,6,7,43,5,0,50,57,0,5,8,9,6,5,8,9,6,43,1,6,58,52,0,10,11,12,13,10,3,11,12,43,6,3,56,58,0,11,14,15,12,3,2,13,11,43,19,21,6,1,0,16,0,3,17,14,0,3,10,43,40,42,8,4,0,18,19,20,21,14,0,0,14,43,42,41,7,8,0,19,22,23,20,0,15,16,0,43,2,55,64,9,0,24,25,26,27,4,7,13,17,43,20,7,11,22,0,1,23,28,29,1,16,18,19,43,40,4,61,101,0,30,31,32,33,14,14,20,20,43,19,1,52,79,0,34,35,36,37,14,10,12,20,43,56,3,10,65,0,38,39,40,41,13,2,21,7,43,41,2,9,43,0,42,43,44,45,15,4,17,22,43,43,9,12,44,0,46,47,48,49,22,17,23,24,43,65,10,13,70,0,41,40,50,51,7,21,25,6,43,22,11,14,23,0,29,28,52,53,19,18,24,24,43,9,64,69,12,0,27,26,54,55,17,13,11,23,43,10,3,15,16,0,56,57,58,59,21,2,26,27,43,18,16,24,26,0,60,59,61,62,28,27,29,30,43,10,22,23,13,0,63,29,53,64,21,19,24,25,43,4,19,79,61,0,31,34,37,32,14,14,20,20,43,3,20,22,10,0,65,66,67,68,2,1,19,21,43,4,8,21,19,0,21,20,0,16,14,0,0,14,43,8,7,20,21,0,20,23,1,0,0,16,1,0,43,20,17,15,3,0,69,70,58,57,1,31,26,2,43,18,22,10,16,0,60,71,56,59,28,19,21,27,43,22,18,17,20,0,71,60,70,69,19,28,31,1,43,25,27,31,29,0,72,73,74,75,32,33,34,35,43,16,15,25,24,0,59,58,72,61,27,26,32,29,43,15,17,27,25,0,58,70,73,72,26,31,33,32,43,17,18,26,27,0,70,60,62,73,31,28,30,33,43,30,28,32,34,0,76,77,78,79,36,37,38,39,43,27,26,30,31,0,73,62,76,74,33,30,36,34,43,26,24,28,30,0,62,61,77,76,30,29,37,36,43,24,25,29,28,0,61,72,75,77,29,32,35,37,43,34,32,36,38,0,79,78,80,81,39,38,40,41,43,28,29,33,32,0,77,75,82,78,37,35,42,38,43,29,31,35,33,0,75,74,83,82,35,34,43,42,43,31,30,34,35,0,74,76,79,83,34,36,39,43,43,36,38,39,37,0,84,85,86,87,40,41,44,45,43,32,33,37,36,0,78,82,88,80,38,42,45,40,43,33,35,39,37,0,82,83,89,88,42,43,44,45,43,35,34,38,39,0,83,79,81,89,43,39,41,44,43,11,43,44,14,0,28,46,49,52,18,22,24,24,43,7,41,43,11,0,23,22,46,28,16,15,22,18,43,0,40,101,50,0,90,30,33,91,8,14,20,9,43,5,2,41,42,0,92,93,22,19,5,4,15,0,43,0,5,42,40,0,94,92,19,18,8,5,0,14,43,39,41,2,37,0,95,96,97,98,44,15,4,45,43,9,36,37,2,0,99,100,98,97,17,40,45,4,43,43,38,36,9,0,101,102,100,99,22,41,40,17,43,38,43,41,39,0,102,101,96,95,41,22,15,44,43,77,53,48,76,0,103,104,105,106,24,23,46,47,43,47,55,57,51,0,107,7,6,108,48,7,6,25,43,51,57,50,45,0,108,6,9,109,25,6,9,49,43,46,52,58,53,0,110,13,12,111,50,12,11,23,43,53,58,56,48,0,111,12,15,112,23,11,13,46,43,75,46,53,77,0,113,114,104,103,51,50,23,24,43,97,49,59,99,0,115,116,117,118,51,51,24,24,43,99,59,54,98,0,118,117,119,120,24,24,18,52,43,47,60,64,55,0,121,122,26,25,48,53,13,7,43,76,78,63,54,0,106,123,124,119,47,54,16,18,43,97,101,61,49,0,125,33,32,126,51,20,20,51,43,75,79,52,46,0,127,37,36,128,51,20,12,50,43,56,65,62,48,0,38,41,129,130,13,7,55,46,43,98,100,60,47,0,131,132,133,134,52,56,53,48,43,100,102,66,60,0,135,136,137,138,56,0,3,53,43,65,70,67,62,0,41,51,139,129,7,6,5,55,43,78,80,68,63,0,123,140,141,124,54,0,0,16,43,60,66,69,64,0,122,142,54,26,53,3,11,13,43,62,72,71,48,0,143,144,145,146,55,57,58,46,43,74,83,81,72,0,147,148,149,144,59,60,61,57,43,62,67,80,78,0,150,151,140,123,55,5,0,54,43,49,61,79,75,0,126,32,37,127,51,20,20,51,43,48,76,78,62,0,152,153,154,155,46,47,54,55,43,49,75,77,59,0,116,113,103,117,51,51,24,24,43,59,77,76,54,0,117,103,106,119,24,24,47,18,43,76,48,71,73,0,156,146,145,157,47,46,58,62,43,74,72,62,78,0,147,144,143,158,59,57,55,54,43,78,76,73,74,0,158,156,157,147,54,47,62,59,43,82,86,88,84,0,159,160,161,162,63,64,65,66,43,72,81,82,71,0,144,149,159,145,57,61,63,58,43,71,82,84,73,0,145,159,162,157,58,63,66,62,43,73,84,83,74,0,157,162,148,147,62,66,60,59,43,87,91,89,85,0,163,164,165,166,67,68,69,70,43,84,88,87,83,0,162,161,163,148,66,65,67,60,43,83,87,85,81,0,148,163,166,149,60,67,70,61,43,81,85,86,82,0,149,166,160,159,61,70,64,63,43,91,95,93,89,0,164,167,168,165,68,71,72,69,43,85,89,90,86,0,166,165,169,160,70,69,73,64,43,86,90,92,88,0,160,169,170,161,64,73,74,65,43,88,92,91,87,0,161,170,164,163,65,74,68,67,43,93,94,96,95,0,171,172,173,174,72,75,76,71,43,89,93,94,90,0,165,168,175,169,69,72,75,73,43,90,94,96,92,0,169,175,176,170,73,75,76,74,43,92,96,95,91,0,170,176,167,164,74,76,71,68,43,63,68,102,100,0,124,141,136,135,16,0,0,56,43,54,63,100,98,0,119,124,135,120,18,16,56,52,43,45,50,101,97,0,177,91,33,125,49,9,20,51,43,51,99,98,47,0,178,118,120,179,25,24,52,48,43,45,97,99,51,0,180,115,118,178,49,51,24,25,43,96,94,47,98,0,181,182,183,184,76,75,48,52,43,60,47,94,93,0,185,183,182,186,53,48,75,72,43,100,60,93,95,0,187,185,186,188,56,53,72,71,43,95,96,98,100,0,188,181,184,187,71,76,52,56],