	{

		"metadata": {
			"formatVersion" : 3.1,
			"generatedBy"   : "Blender 2.7 Exporter",
			"vertices"      : 162,
			"faces"         : 320,
			"normals"       : 162,
			"colors"        : 0,
			"uvs"           : [],
			"materials"     : 2,
			"morphTargets"  : 0,
			"bones"         : 0
		},

			"scale" : 1.000000,
			
			"vertices" : [0,-155.594,6.80123e-06,112.589,-69.5847,81.7997,-43.0043,-69.5847,132.356,-139.167,-69.5841,3.04162e-06,-43.0043,-69.5847,-132.356,112.589,-69.5847,-81.7997,43.0043,69.5847,132.356,-112.589,69.5847,81.7997,-112.589,69.5847,-81.7997,43.0043,69.5847,-132.356,139.167,69.5841,-3.04162e-06,0,155.594,-6.80123e-06,-25.2771,-132.357,77.7963,66.1777,-132.357,48.0803,40.9008,-81.8016,125.877,132.356,-81.8014,3.57565e-06,66.1777,-132.357,-48.0803,-81.8004,-132.356,5.78548e-06,-107.078,-81.8014,77.7965,-25.2771,-132.357,-77.7962,-107.078,-81.8014,-77.7965,40.9008,-81.8016,-125.877,147.979,2.10167e-06,48.0805,147.979,-2.10167e-06,-48.0805,0,6.80123e-06,155.594,91.4559,5.50231e-06,125.878,-147.979,2.10167e-06,48.0805,-91.4559,5.50231e-06,125.878,-91.4559,-5.50231e-06,-125.878,-147.979,-2.10167e-06,-48.0805,91.4559,-5.50231e-06,-125.878,0,-6.80123e-06,-155.594,107.078,81.8014,77.7965,-40.9008,81.8016,125.877,-132.356,81.8014,-3.57565e-06,-40.9008,81.8016,-125.877,107.078,81.8014,-77.7965,25.2771,132.357,77.7962,81.8004,132.356,-5.78548e-06,-66.1777,132.357,48.0803,-66.1777,132.357,-48.0803,25.2771,132.357,-77.7963,-12.6386,-143.975,38.8981,89.3833,-100.971,64.94,-1.05175,-75.6932,129.117,122.472,-75.693,40.8999,89.3833,-100.971,-64.94,-40.9002,-143.975,6.29335e-06,-123.123,-75.6927,38.8983,-12.6386,-143.975,-38.8981,-75.0412,-75.6931,-105.076,76.7449,-75.6932,-103.839,130.284,-34.7923,64.9401,143.573,34.792,-24.0403,-21.5022,-34.7924,143.975,67.2301,34.7924,129.117,-143.573,-34.792,24.0403,-102.022,34.7923,103.839,-67.2301,-34.7924,-129.117,-130.284,34.7923,-64.9401,102.022,-34.7923,-103.839,21.5022,34.7924,-143.975,75.0412,75.6931,105.076,-76.7449,75.6932,103.839,-122.472,75.693,-40.8999,1.05175,75.6932,-129.117,123.123,75.6927,-38.8983,34.1407,100.971,105.076,40.9002,143.975,-6.29335e-06,-89.3833,100.971,64.94,-89.3833,100.971,-64.94,34.1407,100.971,-105.076,-34.1407,-100.971,105.076,33.0888,-143.975,24.0402,76.7449,-75.6931,103.839,122.472,-75.693,-40.8998,33.0888,-143.975,-24.0402,-110.484,-100.97,4.41355e-06,-75.0412,-75.6931,105.076,-34.1407,-100.971,-105.076,-123.123,-75.6927,-38.8983,-1.05176,-75.6932,-129.117,143.573,34.792,24.0403,130.284,-34.7923,-64.9401,21.5022,34.7924,143.975,102.022,-34.7923,103.839,-130.284,34.7923,64.9401,-67.2301,-34.7924,129.117,-102.022,34.7923,-103.839,-143.573,-34.792,-24.0403,67.2301,34.7924,-129.117,-21.5022,-34.7924,-143.975,123.123,75.6927,38.8983,1.05176,75.6932,129.117,-122.472,75.693,40.8998,-76.7449,75.6931,-103.839,75.0412,75.6931,-105.076,12.6386,143.975,38.8981,110.484,100.97,-4.41355e-06,-33.0888,143.975,24.0402,-33.0888,143.975,-24.0402,12.6386,143.975,-38.8981,53.5388,132.357,-38.8981,94.4393,107.079,-38.8983,66.1776,107.079,-77.7964,-20.4503,132.357,-62.9383,-7.81185,107.079,-101.837,-53.5392,107.079,-86.9788,-66.1777,132.357,-5.78549e-06,-99.2667,107.079,-24.0402,-99.2667,107.079,24.0402,-20.4503,132.357,62.9383,-53.5392,107.079,86.9788,-7.81185,107.079,101.837,53.5388,132.357,38.8981,66.1776,107.079,77.7964,94.4393,107.079,38.8983,127.529,40.9007,-62.9385,119.717,-3.80199e-06,-86.9793,99.267,40.9007,-101.837,-20.4504,40.9008,-140.736,-45.728,-6.15177e-06,-140.736,-66.1784,40.9008,-125.878,-140.167,40.9007,-24.0403,-147.979,0,0,-140.167,40.9007,24.0403,-66.1784,40.9008,125.878,-45.728,6.15177e-06,140.736,-20.4504,40.9008,140.736,99.267,40.9007,101.837,119.717,3.80199e-06,86.9793,127.529,40.9007,62.9385,45.728,-6.15177e-06,-140.736,66.1784,-40.9008,-125.878,20.4504,-40.9008,-140.736,-119.717,-3.80199e-06,-86.9793,-99.267,-40.9007,-101.837,-127.529,-40.9007,-62.9385,-119.717,3.80199e-06,86.9793,-127.529,-40.9007,62.9385,-99.267,-40.9007,101.837,45.728,6.15177e-06,140.736,20.4504,-40.9008,140.736,66.1784,-40.9008,125.878,147.979,0,0,140.167,-40.9007,24.0403,140.167,-40.9007,-24.0403,53.5392,-107.079,-86.9788,20.4503,-132.357,-62.9383,7.81185,-107.079,-101.837,-66.1776,-107.079,-77.7964,-53.5388,-132.357,-38.8981,-94.4393,-107.079,-38.8983,-94.4393,-107.079,38.8983,-53.5388,-132.357,38.8981,-66.1776,-107.079,77.7964,99.2667,-107.079,-24.0402,99.2667,-107.079,24.0402,66.1777,-132.357,5.78549e-06,7.81185,-107.079,101.837,20.4503,-132.357,62.9383,53.5392,-107.079,86.9788],