	{

		"metadata": {
			"formatVersion" : 3.1,
			"generatedBy"   : "Blender 2.7 Exporter",
			"vertices"      : 130,
			"faces"         : 138,
			"normals"       : 86,
			"colors"        : 0,
			"uvs"           : [],
			"materials"     : 2,
			"morphTargets"  : 0,
			"bones"         : 0
		},

			"scale" : 1.000000,
			
			"vertices" : [7.53384,-0.167935,-2.35177,7.53384,-0.167934,2.35177,7.53385,4.14637,-2.35177,7.53384,4.14637,2.35177,7.53384,-0.167934,1.47517e-07,7.53385,1.98922,-2.35177,7.53384,1.98922,2.35177,7.53384,4.14637,1.08034e-06,7.53384,1.98922,6.1393e-07,7.20372,4.14637,-2.09689,7.20372,4.14637,2.09689,7.20372,4.14637,1.04816e-06,7.20372,3.75802,-2.09689,7.20372,3.75802,2.09689,7.20372,3.75802,1.06514e-06,7.53384,4.65696,2.35177,7.20372,4.65696,2.09689,7.53384,4.65696,1.88641,7.20372,4.65696,1.8209,7.53384,-0.167934,1.87762,7.53384,4.14637,1.87762,7.53384,1.98922,1.87762,7.20372,4.14637,1.82244,7.20372,3.75802,1.81121,7.27921,5.0471,1.34347,7.45835,5.18427,1.36123,7.27921,4.89857,1.32424,7.45835,4.93383,1.32881,7.27921,5.21114,0.00980437,7.45835,5.34945,0.00865124,7.27921,5.06138,0.0110531,7.45835,5.09693,0.010757,7.28281,5.04467,-1.27273,7.45475,5.17493,-1.29837,7.28281,4.90363,-1.24498,7.45475,4.93711,-1.25157,7.21006,4.64424,-2.08254,7.52751,4.64482,-2.32764,7.21006,4.6436,-1.81715,7.52751,4.64375,-1.87247,7.53384,-0.167935,-1.87506,7.53385,4.14637,-1.87506,7.53385,1.98922,-1.87506,7.20372,4.14637,-1.8367,7.20372,3.75802,-1.81829,-7.53384,-0.167935,-2.35177,-7.53384,-0.167934,2.35177,-7.53385,4.14637,-2.35177,-7.53384,4.14637,2.35177,-7.53384,-0.167934,1.47517e-07,0,-0.167935,-2.35177,-7.53385,1.98922,-2.35177,0,-0.167934,2.35177,-7.53384,1.98922,2.35177,-7.53384,4.14637,1.08034e-06,0,4.14637,-2.35177,0,4.14637,2.35177,0,1.98922,-2.35177,0,1.98922,2.35177,-7.53384,1.98922,6.1393e-07,-7.20372,4.14637,-2.09689,0,-0.167934,-2.73012e-07,-7.20372,4.14637,2.09689,-7.20372,4.14637,1.04816e-06,0,4.14637,-2.09689,0,4.14637,2.09689,-7.20372,3.75802,-2.09689,-7.20372,3.75802,2.09689,-7.20372,3.75802,1.06514e-06,0,3.75802,-2.09689,0,3.75802,2.09689,-7.53384,4.65696,2.35177,-7.20372,4.65696,2.09689,-7.53384,4.65696,1.88641,-7.20372,4.65696,1.8209,-7.53384,-0.167934,1.87762,-7.53384,4.14637,1.87762,-7.53384,1.98922,1.87762,-7.20372,4.14637,1.82244,0,-0.167934,1.87762,-7.20372,3.75802,1.81121,-7.27921,5.0471,1.34347,-7.45835,5.18427,1.36123,-7.27921,4.89857,1.32424,-7.45835,4.93383,1.32881,-7.27921,5.21114,0.00980437,-7.45835,5.34945,0.00865124,-7.27921,5.06138,0.0110531,-7.45835,5.09693,0.010757,-7.28281,5.04467,-1.27273,-7.45475,5.17493,-1.29837,-7.28281,4.90363,-1.24498,-7.45475,4.93711,-1.25157,-7.21006,4.64424,-2.08254,-7.52751,4.64482,-2.32764,-7.21006,4.6436,-1.81715,-7.52751,4.64375,-1.87247,-7.53384,-0.167935,-1.87506,-7.53385,4.14637,-1.87506,-7.53385,1.98922,-1.87506,-7.20372,4.14637,-1.8367,0,-0.167935,-1.87506,-7.20372,3.75802,-1.81829,7.37047,3.75802,-2.21879,7.37046,3.75802,2.21893,7.37047,3.75802,6.97689e-05,7.37046,3.75802,1.91663,7.37047,3.75802,-1.92399,-7.37047,3.75802,-2.21879,-7.37046,3.75802,2.21893,-7.37047,3.75802,6.97689e-05,-4.59892e-09,3.75802,-2.21879,-4.59892e-09,3.75802,2.21893,-7.37046,3.75802,1.91663,-7.37047,3.75802,-1.92399,7.37047,2.00055,-2.21879,7.37046,2.00055,2.21893,7.37047,2.00055,6.98457e-05,7.37046,2.00055,1.91663,7.37047,2.00055,-1.92399,-7.37047,2.00055,-2.21879,-7.37046,2.00055,2.21893,-7.37047,2.00055,6.98457e-05,-4.59892e-09,2.00055,-2.21879,-4.59892e-09,2.00055,2.21893,-7.37046,2.00055,1.91663,-7.37047,2.00055,-1.92399,0.00431604,2.00055,6.98457e-05,0.00431318,2.00055,1.91663,0.00408241,2.00055,-1.92399],
			"faces"    : [35,21,20,3,6,0,0,1,2,3,35,2,5,57,55,0,4,5,6,7,35,5,0,50,57,0,5,8,9,6,35,1,6,58,52,0,10,3,11,12,35,6,3,56,58,0,3,2,13,11,35,19,21,6,1,0,14,0,3,10,35,40,42,8,4,0,14,0,0,14,35,42,41,7,8,0,0,15,16,0,35,2,55,64,9,1,4,7,13,17,35,20,7,11,22,1,1,16,18,19,35,40,4,61,101,0,14,14,20,20,35,19,1,52,79,0,14,10,12,20,35,56,3,10,65,1,13,2,21,7,35,41,2,9,43,0,15,4,17,22,35,43,9,12,44,1,22,17,23,24,35,65,10,13,70,1,7,21,25,9,35,22,11,14,23,1,19,18,24,24,35,9,64,69,12,1,17,13,12,23,35,10,3,15,16,1,21,2,26,27,35,18,16,24,26,1,28,27,29,30,35,10,22,23,13,1,21,19,24,25,35,4,19,79,61,0,14,14,20,20,35,3,20,22,10,0,2,1,19,21,35,4,8,21,19,0,14,0,0,14,35,8,7,20,21,0,0,16,1,0,35,20,17,15,3,1,1,31,26,2,35,18,22,10,16,1,28,19,21,27,35,22,18,17,20,1,19,28,31,1,35,25,27,31,29,1,32,33,34,35,35,16,15,25,24,1,27,26,32,29,35,15,17,27,25,1,26,31,33,32,35,17,18,26,27,1,31,28,30,33,35,30,28,32,34,1,36,37,38,39,35,27,26,30,31,1,33,30,36,34,35,26,24,28,30,1,30,29,37,36,35,24,25,29,28,1,29,32,35,37,35,34,32,36,38,1,39,38,40,41,35,28,29,33,32,1,37,35,42,38,35,29,31,35,33,1,35,34,43,42,35,31,30,34,35,1,34,36,39,43,35,36,38,39,37,1,40,41,44,45,35,32,33,37,36,1,38,42,45,40,35,33,35,39,37,1,42,43,44,45,35,35,34,38,39,1,43,39,41,44,35,11,43,44,14,1,18,22,24,24,35,7,41,43,11,1,16,15,22,18,35,0,40,101,50,0,8,14,20,9,35,5,2,41,42,0,5,4,15,0,35,0,5,42,40,0,8,5,0,14,35,39,41,2,37,1,44,15,4,45,35,9,36,37,2,1,17,40,45,4,35,43,38,36,9,1,22,41,40,17,35,38,43,41,39,1,41,22,15,44,35,77,53,48,76,0,46,47,48,49,35,47,55,57,51,0,50,7,6,51,35,51,57,50,45,0,51,6,9,52,35,46,52,58,53,0,53,12,11,47,35,53,58,56,48,0,47,11,13,48,35,75,46,53,77,0,24,53,47,46,35,97,49,59,99,0,24,24,46,46,35,99,59,54,98,0,46,46,18,54,35,47,60,64,55,1,50,55,13,7,35,76,78,63,54,1,49,56,16,18,35,97,101,61,49,0,24,20,20,24,35,75,79,52,46,0,24,20,12,53,35,56,65,62,48,1,13,7,57,48,35,98,100,60,47,0,54,58,55,50,35,100,102,66,60,1,58,14,59,55,35,65,70,67,62,1,7,9,60,57,35,78,80,68,63,1,56,14,14,16,35,60,66,69,64,1,55,59,12,13,35,62,72,71,48,1,57,61,62,48,35,74,83,81,72,1,63,64,65,61,35,62,67,80,78,1,57,60,14,56,35,49,61,79,75,0,24,20,20,24,35,48,76,78,62,0,48,49,56,57,35,49,75,77,59,0,24,24,46,46,35,59,77,76,54,0,46,46,49,18,35,76,48,71,73,1,49,48,62,66,35,74,72,62,78,1,63,61,57,56,35,78,76,73,74,1,56,49,66,63,35,82,86,88,84,1,67,68,69,70,35,72,81,82,71,1,61,65,67,62,35,71,82,84,73,1,62,67,70,66,35,73,84,83,74,1,66,70,64,63,35,87,91,89,85,1,71,72,73,74,35,84,88,87,83,1,70,69,71,64,35,83,87,85,81,1,64,71,74,65,35,81,85,86,82,1,65,74,68,67,35,91,95,93,89,1,72,75,76,73,35,85,89,90,86,1,74,73,77,68,35,86,90,92,88,1,68,77,78,69,35,88,92,91,87,1,69,78,72,71,35,93,94,96,95,1,76,79,80,75,35,89,93,94,90,1,73,76,79,77,35,90,94,96,92,1,77,79,80,78,35,92,96,95,91,1,78,80,75,72,35,63,68,102,100,1,16,14,14,58,35,54,63,100,98,1,18,16,58,54,35,45,50,101,97,0,52,9,20,24,35,51,99,98,47,0,51,46,54,50,35,45,97,99,51,0,52,24,46,51,35,96,94,47,98,1,80,79,50,54,35,60,47,94,93,1,55,50,79,76,35,100,60,93,95,1,58,55,76,75,35,95,96,98,100,1,75,80,54,58,35,44,12,103,107,1,24,23,53,24,35,80,67,109,113,1,14,60,8,14,35,14,44,107,105,1,24,24,24,24,35,67,70,112,109,1,60,9,9,8,35,13,23,106,104,1,25,24,24,52,35,66,102,114,108,1,59,14,14,10,35,68,80,113,110,1,14,14,14,14,35,69,66,108,111,1,12,59,10,12,35,23,14,105,106,1,24,24,24,24,35,70,13,104,112,1,9,25,52,9,35,12,69,111,103,1,23,12,12,53,35,102,68,110,114,1,14,14,14,14,35,110,113,125,122,1,14,14,16,16,35,103,111,123,115,1,53,12,13,81,35,114,110,122,126,1,14,14,16,16,35,106,105,117,118,1,24,24,18,18,35,108,114,126,120,1,10,14,16,82,35,105,107,119,117,1,24,24,18,18,35,113,109,121,125,1,14,8,83,16,35,107,103,115,119,1,24,53,81,18,35,104,106,118,116,1,52,24,18,84,35,109,112,124,121,1,8,9,7,83,35,111,108,120,123,1,12,10,82,13,35,112,104,116,124,1,9,52,84,7,35,118,117,127,128,1,18,18,85,85,35,123,129,119,115,1,13,85,18,81,35,119,129,127,117,1,18,85,85,18,35,118,128,124,116,1,18,85,7,84,35,125,128,127,122,1,16,85,85,16,35,125,121,124,128,1,16,83,7,85,35,123,120,126,129,1,13,82,16,85,35,126,122,127,129,1,16,16,85,85],
			"uvs"      : [],